City_ID,City,Lat,Lng,Max Temp,Humidity,Cloudiness,Wind Speed,Country,Date
0,butaritari,3.0707,172.7902,81.05,75,65,6.91,KI,2023-04-02 15:26:47
1,tuatapere,-46.1333,167.6833,46.98,83,94,4.09,NZ,2023-04-02 15:26:47
2,bosaso,11.2842,49.1816,83.89,70,54,4.79,SO,2023-04-02 15:26:47
3,neuquen,-38.9516,-68.0591,69.69,30,0,11.5,AR,2023-04-02 15:22:02
4,hithadhoo,-0.6,73.0833,82.71,71,9,7.67,MV,2023-04-02 15:26:47
5,yulara,-25.2406,130.9889,74.07,53,25,9.42,AU,2023-04-02 15:26:47
6,saint-pierre,-21.3393,55.4781,80.28,78,100,5.75,RE,2023-04-02 15:26:47
7,kruisfontein,-34.0033,24.7314,71.89,53,16,4.68,ZA,2023-04-02 15:26:47
8,magadan,59.5667,150.8,25.88,96,100,3.02,RU,2023-04-02 15:26:48
9,chokurdakh,70.6333,147.9167,-17.88,98,48,10.02,RU,2023-04-02 15:26:48
10,punta arenas,-53.15,-70.9167,53.71,50,75,13.8,CL,2023-04-02 15:22:43
11,cherskiy,68.75,161.3,-35.23,100,31,2.17,RU,2023-04-02 15:26:48
12,milkovo,54.7167,158.6167,27.3,93,12,2.77,RU,2023-04-02 15:26:48
13,khatanga,71.9667,102.5,22.71,97,100,7.16,RU,2023-04-02 15:26:48
14,ushuaia,-54.8,-68.3,47.82,81,0,10.36,AR,2023-04-02 15:26:48
15,kapoeta,4.7717,33.5903,91.0,31,72,9.08,SS,2023-04-02 15:25:16
16,chuy,-33.6971,-53.4616,70.84,49,21,3.11,UY,2023-04-02 15:26:49
17,xuddur,4.1213,43.8894,76.53,74,91,14.41,SO,2023-04-02 15:25:16
18,wilmington,34.2257,-77.9447,66.11,43,0,8.05,US,2023-04-02 15:26:49
19,asgabat,37.95,58.3833,51.66,66,75,6.91,TM,2023-04-02 15:26:49
20,vaini,-21.2,-175.2,78.69,66,33,14.9,TO,2023-04-02 15:26:49
21,minab,27.1467,57.0801,71.58,54,0,14.63,IR,2023-04-02 15:26:49
22,volchanets,42.9131,132.7469,40.15,66,9,1.45,RU,2023-04-02 15:26:49
23,carnarvon,-24.8667,113.6333,76.15,72,89,14.29,AU,2023-04-02 15:25:13
24,dzilam gonzalez,21.2833,-88.9333,84.56,52,7,7.87,MX,2023-04-02 15:26:49
25,san patricio,28.017,-97.5169,80.91,71,100,14.18,US,2023-04-02 15:26:50
26,hermanus,-34.4187,19.2345,70.81,82,13,9.37,ZA,2023-04-02 15:26:51
27,rikitea,-23.1203,-134.9692,80.38,80,36,15.61,PF,2023-04-02 15:25:54
28,acapulco,16.8634,-99.8901,82.22,61,0,3.44,MX,2023-04-02 15:26:22
29,airai,-8.9266,125.4092,60.03,95,100,0.96,TL,2023-04-02 15:26:51
30,castro,-24.7911,-50.0119,69.76,72,96,3.56,BR,2023-04-02 15:26:51
31,shelburne,44.0787,-80.2041,32.45,48,8,1.39,CA,2023-04-02 15:21:59
32,palu,-0.8917,119.8707,75.51,93,99,2.26,ID,2023-04-02 15:26:51
33,kapaa,22.0752,-159.319,75.52,91,40,10.36,US,2023-04-02 15:26:51
34,hobart,-42.8794,147.3294,55.06,81,33,3.44,AU,2023-04-02 15:25:39
35,ponta delgada,37.7333,-25.6667,63.32,72,20,20.71,PT,2023-04-02 15:26:51
36,potosi,-19.5836,-65.7531,53.06,42,1,1.21,BO,2023-04-02 15:26:51
37,yellowknife,62.456,-114.3525,1.92,85,100,8.05,CA,2023-04-02 15:26:51
38,mataura,-46.1927,168.8643,42.98,93,49,2.8,NZ,2023-04-02 15:26:52
39,pochutla,15.7432,-96.4661,87.82,46,32,2.86,MX,2023-04-02 15:26:52
40,victoria,22.2855,114.1577,71.65,92,100,1.99,HK,2023-04-02 15:26:02
41,atuona,-9.8,-139.0333,81.03,73,92,15.08,PF,2023-04-02 15:26:52
42,san carlos de bariloche,-41.1456,-71.3082,55.15,58,0,3.44,AR,2023-04-02 15:26:52
43,cape town,-33.9258,18.4232,70.92,82,75,14.97,ZA,2023-04-02 15:23:11
44,sembe,1.6481,14.5806,85.03,53,83,3.4,CG,2023-04-02 15:26:52
45,nizhniy kuranakh,58.8353,125.4869,-7.01,100,80,1.97,RU,2023-04-02 15:23:46
46,new norfolk,-42.7826,147.0587,54.72,69,48,3.0,AU,2023-04-02 15:26:52
47,norman wells,65.282,-126.8329,-0.36,78,75,6.91,CA,2023-04-02 15:26:52
48,smithers,54.7804,-127.1743,19.72,93,75,2.3,CA,2023-04-02 15:26:52
49,shenkursk,62.1091,42.896,32.43,98,100,8.57,RU,2023-04-02 15:26:52
50,torbay,47.6666,-52.7314,41.77,87,100,20.71,CA,2023-04-02 15:26:53
51,gladstone,-23.85,151.25,66.13,94,100,4.61,AU,2023-04-02 15:26:53
52,bonavista,48.6499,-53.1147,34.38,100,100,7.4,CA,2023-04-02 15:26:53
53,maine-soroa,13.2114,12.0241,97.77,6,99,10.33,NE,2023-04-02 15:26:53
54,inuvik,68.3499,-133.7218,2.26,78,75,6.91,CA,2023-04-02 15:26:53
55,mount gambier,-37.8333,140.7667,48.47,89,0,3.51,AU,2023-04-02 15:26:53
56,temerloh,3.4483,102.4176,76.98,93,99,1.9,MY,2023-04-02 15:26:53
57,hilo,19.7297,-155.09,74.28,92,100,6.91,US,2023-04-02 15:26:54
58,kaitangata,-46.2817,169.8464,44.01,93,24,6.64,NZ,2023-04-02 15:26:54
59,tatarani,45.0,25.2667,54.48,99,98,3.56,RO,2023-04-02 15:26:54
60,camacha,33.0833,-16.3333,65.62,68,20,13.8,PT,2023-04-02 15:26:54
61,tasiilaq,65.6145,-37.6368,30.29,67,100,2.35,GL,2023-04-02 15:26:54
62,laukaa,58.7372,29.8453,32.07,82,55,11.3,RU,2023-04-02 15:26:54
63,sorland,67.667,12.6934,35.46,61,100,9.86,NO,2023-04-02 15:26:54
64,srednekolymsk,67.45,153.6833,-27.29,100,26,3.53,RU,2023-04-02 15:26:55
65,port alfred,-33.5906,26.891,74.17,90,48,5.01,ZA,2023-04-02 15:26:55
66,bredasdorp,-34.5322,20.0403,72.37,67,5,10.2,ZA,2023-04-02 15:26:55
67,kropotkin,45.4375,40.5756,56.82,53,41,7.49,RU,2023-04-02 15:26:55
68,upington,-28.4478,21.2561,93.58,10,20,14.97,ZA,2023-04-02 15:26:55
69,hasaki,35.7333,140.8333,51.22,61,100,21.21,JP,2023-04-02 15:26:55
70,ahipara,-35.1667,173.1667,61.57,91,30,8.72,NZ,2023-04-02 15:26:55
71,longyearbyen,78.2186,15.6401,19.24,93,100,5.75,SJ,2023-04-02 15:26:55
72,rudbar,30.15,62.6,81.84,15,0,9.33,AF,2023-04-02 15:26:55
73,nanortalik,60.1432,-45.2371,32.59,64,100,5.32,GL,2023-04-02 15:26:55
74,tezu,27.9167,96.1667,62.17,92,100,4.29,IN,2023-04-02 15:26:55
75,lata,40.1629,-8.3327,73.49,36,31,6.04,PT,2023-04-02 15:26:56
76,kloulklubed,7.0419,134.2556,73.9,69,88,3.8,PW,2023-04-02 15:26:56
77,rosetta,31.4044,30.4164,68.41,48,24,9.08,EG,2023-04-02 15:26:56
78,bathsheba,13.2167,-59.5167,86.61,62,40,20.71,BB,2023-04-02 15:26:56
79,bluff,-46.6,168.3333,53.46,69,98,12.41,NZ,2023-04-02 15:26:56
80,atar,20.5169,-13.0499,100.45,8,0,4.61,MR,2023-04-02 15:26:56
81,los llanos de aridane,28.6585,-17.9182,69.55,68,0,14.97,ES,2023-04-02 15:26:56
82,biak,-0.9131,122.8766,76.64,79,100,3.24,ID,2023-04-02 15:26:56
83,jawhar,2.7809,45.5005,83.95,64,90,16.15,SO,2023-04-02 15:26:56
84,esperance,-33.8667,121.9,64.85,75,0,10.83,AU,2023-04-02 15:26:56
85,jamestown,42.097,-79.2353,33.53,51,0,8.05,US,2023-04-02 15:26:57
86,paamiut,61.994,-49.6678,28.67,52,19,6.17,GL,2023-04-02 15:26:57
87,constantine,36.365,6.6147,53.01,58,40,23.02,DZ,2023-04-02 15:26:57
88,bubaque,11.2833,-15.8333,78.21,73,0,11.27,GW,2023-04-02 15:26:57
89,strezhevoy,60.7333,77.5889,34.84,97,100,9.78,RU,2023-04-02 15:26:57
90,east london,-33.0153,27.9116,76.14,83,20,14.97,ZA,2023-04-02 15:26:57
91,zhob,31.3411,69.4481,63.55,53,65,7.87,PK,2023-04-02 15:26:58
92,ostrovnoy,68.0531,39.5131,25.23,69,100,12.97,RU,2023-04-02 15:26:58
93,kavaratti,10.5669,72.642,82.94,67,8,11.97,IN,2023-04-02 15:26:58
94,najran,17.4924,44.1277,79.45,32,78,4.03,SA,2023-04-02 15:26:58
95,te anau,-45.4167,167.7167,40.78,90,11,0.98,NZ,2023-04-02 15:26:58
96,puerto ayora,-0.7393,-90.3518,85.96,87,41,8.99,EC,2023-04-02 15:26:58
97,mahebourg,-20.4081,57.7,81.25,89,75,8.05,MU,2023-04-02 15:26:58
98,grand gaube,-20.0064,57.6608,81.37,74,100,5.99,MU,2023-04-02 15:26:58
99,bengkulu,-3.8004,102.2655,75.7,90,99,3.65,ID,2023-04-02 15:26:58
100,vila velha,-20.3297,-40.2925,80.94,72,20,20.71,BR,2023-04-02 15:23:32
101,sinnamary,5.3833,-52.95,82.26,69,68,13.09,GF,2023-04-02 15:26:59
102,vestmanna,62.1564,-7.1664,45.52,71,20,5.75,FO,2023-04-02 15:26:59
103,tiksi,71.6872,128.8694,12.24,77,100,32.97,RU,2023-04-02 15:26:59
104,lidkoping,58.5052,13.1577,42.42,54,19,8.32,SE,2023-04-02 15:26:59
105,upernavik,72.7868,-56.1549,-16.46,94,70,6.22,GL,2023-04-02 15:26:59
106,busselton,-33.65,115.3333,62.38,88,0,13.6,AU,2023-04-02 15:26:59
107,ponta do sol,32.6667,-17.1,77.72,62,0,5.23,PT,2023-04-02 15:26:59
108,bilibino,68.0546,166.4372,-13.38,95,100,3.15,RU,2023-04-02 15:26:59
109,dikson,73.5069,80.5464,-9.69,99,100,9.89,RU,2023-04-02 15:27:00
110,porto novo,6.4965,2.6036,87.62,57,99,12.73,BJ,2023-04-02 15:27:00
111,saskylakh,71.9167,114.0833,20.41,93,100,9.33,RU,2023-04-02 15:27:00
112,hovd,48.0056,91.6419,8.94,42,57,7.38,MN,2023-04-02 15:27:00
113,arraial do cabo,-22.9661,-42.0278,78.66,61,75,11.5,BR,2023-04-02 15:27:00
114,lagos,6.5833,3.75,91.72,53,87,10.07,NG,2023-04-02 15:17:31
115,hay river,60.8156,-115.7999,12.18,79,100,11.5,CA,2023-04-02 15:25:38
116,kodiak,57.79,-152.4072,27.91,64,0,5.75,US,2023-04-02 15:27:00
117,qaanaaq,77.484,-69.3632,-6.95,64,26,2.93,GL,2023-04-02 15:27:01
118,stratford-upon-avon,52.1917,-1.7073,54.68,62,38,9.69,GB,2023-04-02 15:27:01
119,haimen,23.1935,116.6142,66.09,84,12,11.99,CN,2023-04-02 15:27:01
120,semnan,35.5729,53.3971,54.46,25,32,14.88,IR,2023-04-02 15:27:01
121,yumen,40.2833,97.2,40.64,26,1,2.26,CN,2023-04-02 15:27:01
122,touros,-5.1989,-35.4608,83.08,74,81,10.22,BR,2023-04-02 15:24:23
123,klaksvik,62.2266,-6.589,47.32,71,39,10.78,FO,2023-04-02 15:27:01
124,nome,64.5011,-165.4064,6.87,92,100,19.57,US,2023-04-02 15:27:02
125,bardsir,29.9227,56.5743,56.01,11,0,16.46,IR,2023-04-02 15:27:02
126,ilulissat,69.2167,-51.1,10.42,67,40,2.3,GL,2023-04-02 15:27:02
127,port augusta,-32.5,137.7667,59.83,39,47,7.72,AU,2023-04-02 15:27:02
128,huainan,32.6264,116.9969,62.64,54,100,20.33,CN,2023-04-02 15:27:02
129,albany,42.6001,-73.9662,38.17,42,5,8.99,US,2023-04-02 15:23:33
130,tuktoyaktuk,69.4541,-133.0374,-14.8,76,0,6.91,CA,2023-04-02 15:27:02
131,beni,0.5,29.4667,69.44,77,87,5.06,CD,2023-04-02 15:27:03
132,sterling,39.0062,-77.4286,50.45,50,40,20.71,US,2023-04-02 15:27:03
133,cap malheureux,-19.9842,57.6142,81.46,74,99,5.99,MU,2023-04-02 15:27:03
134,port elizabeth,-33.918,25.5701,74.1,84,0,8.05,ZA,2023-04-02 15:27:04
135,mamallapuram,12.6264,80.1722,86.05,81,11,14.18,IN,2023-04-02 15:27:04
136,saint george,37.1041,-113.5841,50.43,46,0,1.01,US,2023-04-02 15:27:04
137,sao filipe,14.8961,-24.4956,80.47,48,0,7.27,CV,2023-04-02 15:27:05
138,umea,63.8284,20.2597,33.73,40,0,5.75,SE,2023-04-02 15:27:05
139,dingle,10.9995,122.6711,76.08,82,39,5.93,PH,2023-04-02 15:27:05
140,agirish,61.9247,63.0231,33.21,94,63,6.73,RU,2023-04-02 15:27:05
141,alpoyeca,17.6667,-98.5167,80.98,48,3,0.76,MX,2023-04-02 15:27:05
142,ixtapa,20.7,-105.2,69.03,78,40,0.0,MX,2023-04-02 15:27:05
143,avarua,-21.2078,-159.775,78.85,78,75,6.91,CK,2023-04-02 15:27:06
144,bethel,41.3712,-73.414,45.01,33,0,16.11,US,2023-04-02 15:27:06
145,georgetown,5.4112,100.3354,80.55,89,20,3.44,MY,2023-04-02 15:27:06
146,koungou,-12.7336,45.2042,82.11,83,20,11.5,YT,2023-04-02 15:27:06
147,jakar,27.5492,90.7525,41.11,95,97,0.78,BT,2023-04-02 15:27:06
148,faya,18.3851,42.4509,66.31,63,77,9.28,SA,2023-04-02 15:27:06
149,marzuq,14.4,46.4667,79.9,54,70,10.74,YE,2023-04-02 15:27:06
150,camacari,-12.6975,-38.3242,87.57,50,7,4.47,BR,2023-04-02 15:27:07
151,waiouru,-39.4833,175.6667,48.09,96,89,3.33,NZ,2023-04-02 15:27:07
152,lichinga,-13.3128,35.2406,69.89,78,75,14.97,MZ,2023-04-02 15:27:07
153,shingu,33.7333,135.9833,58.41,85,100,14.56,JP,2023-04-02 15:27:07
154,kalmunai,7.4167,81.8167,80.46,80,35,8.86,LK,2023-04-02 15:27:08
155,cabo san lucas,22.8909,-109.9124,77.05,59,75,2.3,MX,2023-04-02 15:25:25
156,lebu,-37.6167,-73.65,58.35,79,67,13.35,CL,2023-04-02 15:27:09
157,kangaatsiaq,68.3065,-53.4641,-4.86,95,99,6.55,GL,2023-04-02 15:27:10
158,tautira,-17.7333,-149.15,82.92,68,88,8.97,PF,2023-04-02 15:27:10
159,preobrazheniye,42.9019,133.9064,38.98,70,55,4.97,RU,2023-04-02 15:27:10
160,broken hill,-31.95,141.4333,56.52,38,1,6.06,AU,2023-04-02 15:27:10
161,talnakh,69.4865,88.3972,25.21,97,100,4.03,RU,2023-04-02 15:27:11
162,pangnirtung,66.1451,-65.7125,11.12,63,100,1.48,CA,2023-04-02 15:27:11
163,floro,61.5996,5.0328,50.07,66,20,10.36,NO,2023-04-02 15:27:11
164,aldan,58.6031,125.3894,-6.29,100,93,3.2,RU,2023-04-02 15:27:11
165,souillac,-20.5167,57.5167,79.18,89,75,8.05,MU,2023-04-02 15:27:12
166,hambantota,6.1241,81.1185,77.34,100,20,4.61,LK,2023-04-02 15:27:12
167,ahlat,38.7518,42.4814,36.46,85,100,6.11,TR,2023-04-02 15:27:12
168,tommot,58.9564,126.2925,-10.53,100,55,1.59,RU,2023-04-02 15:27:12
169,santa cruz del sur,20.7147,-77.9956,82.22,60,0,9.24,CU,2023-04-02 15:27:12
170,thompson,55.7435,-97.8558,-0.24,71,75,14.97,CA,2023-04-02 15:27:13
171,margate,51.3813,1.3862,47.89,67,7,10.0,GB,2023-04-02 15:27:13
172,nikolskoye,59.7035,30.7861,35.49,86,64,11.34,RU,2023-04-02 15:27:13
173,barrow,71.2906,-156.7887,3.22,78,100,19.57,US,2023-04-02 15:27:13
174,malakal,9.5334,31.6605,98.37,7,71,6.89,SS,2023-04-02 15:27:13
175,san borja,-14.8167,-66.85,83.39,70,67,2.46,BO,2023-04-02 15:27:13
176,soto la marina,23.7667,-98.2167,80.83,59,99,12.01,MX,2023-04-02 15:27:13
177,alta floresta,-9.8756,-56.0861,82.22,78,75,5.75,BR,2023-04-02 15:27:14
178,roma,43.2128,-75.4557,31.73,36,0,12.66,US,2023-04-02 15:24:02
179,provideniya,64.3833,-173.3,-2.27,95,7,6.06,RU,2023-04-02 15:27:14
180,izhma,65.0083,53.9113,23.59,94,84,2.51,RU,2023-04-02 15:27:14
181,amli,20.2833,73.0167,77.77,65,6,4.79,IN,2023-04-02 15:27:14
182,kuching,1.55,110.3333,81.03,86,40,1.99,MY,2023-04-02 15:27:15
183,severo-kurilsk,50.6789,156.125,31.23,87,77,12.53,RU,2023-04-02 15:27:15
184,bilma,18.6853,12.9164,89.22,4,100,6.44,NE,2023-04-02 15:27:15
185,myslowice,50.2075,19.1667,39.06,90,100,5.99,PL,2023-04-02 15:27:15
186,sweetwater,25.7634,-80.3731,84.99,73,40,5.75,US,2023-04-02 15:27:15
187,vallenar,-28.5708,-70.7581,77.18,52,0,4.05,CL,2023-04-02 15:27:16
188,eganville,45.5334,-77.0994,22.51,69,10,5.88,CA,2023-04-02 15:27:16
189,migori,-1.0634,34.4731,69.73,87,43,4.56,KE,2023-04-02 15:27:16
190,zhigansk,66.7697,123.3711,18.61,94,100,22.82,RU,2023-04-02 15:27:16
191,vzmorye,54.6961,20.2361,42.89,47,15,19.82,RU,2023-04-02 15:27:16
192,benalla,-36.55,145.9833,55.29,70,0,5.44,AU,2023-04-02 15:27:16
193,port hardy,50.6996,-127.4199,37.4,100,40,4.61,CA,2023-04-02 15:27:17
194,umm kaddadah,13.6017,26.6876,91.35,8,83,11.23,SD,2023-04-02 15:27:17
195,ondjiva,-17.0667,15.7333,82.94,41,89,7.72,AO,2023-04-02 15:27:17
196,oktyabrskoye,43.0645,44.7417,50.14,46,75,8.95,RU,2023-04-02 15:27:17
197,avera,33.194,-82.5271,65.91,48,65,4.94,US,2023-04-02 15:27:18
198,kirkwall,58.9848,-2.9587,49.96,81,75,2.3,GB,2023-04-02 15:23:42
199,clyde river,70.4692,-68.5914,-10.97,84,0,5.75,CA,2023-04-02 15:27:18
200,vanimo,-2.6741,141.3028,78.35,87,100,0.65,PG,2023-04-02 15:27:18
201,mar del plata,-38.0023,-57.5575,73.94,51,0,16.11,AR,2023-04-02 15:22:33
202,heihe,50.2441,127.4902,36.18,82,100,4.85,CN,2023-04-02 15:27:18
203,ambilobe,-13.2,49.05,76.95,89,94,1.16,MG,2023-04-02 15:27:18
204,abha,18.2164,42.5053,66.02,59,40,11.5,SA,2023-04-02 15:23:14
205,luderitz,-26.6481,15.1594,68.47,70,93,14.92,NA,2023-04-02 15:27:19
206,goundam,16.4145,-3.6708,99.23,4,5,4.09,ML,2023-04-02 15:27:19
207,alice springs,-23.7,133.8833,71.15,59,100,10.36,AU,2023-04-02 15:26:16
208,altamira,-3.2033,-52.2064,77.09,94,100,2.3,BR,2023-04-02 15:27:19
209,manoel urbano,-8.8389,-69.2597,86.31,60,98,2.26,BR,2023-04-02 15:27:19
210,xai-xai,-25.0519,33.6442,77.02,73,17,9.06,MZ,2023-04-02 15:27:19
211,changqing,36.5575,116.7272,59.36,41,100,5.91,CN,2023-04-02 15:27:19
212,lynn haven,30.2455,-85.6483,75.96,47,0,10.36,US,2023-04-02 15:27:20
213,sola,-13.8833,167.55,79.47,94,75,0.0,VU,2023-04-02 15:27:20
214,sechura,-5.5569,-80.8222,82.44,66,100,1.88,PE,2023-04-02 15:27:20
215,gari,59.4307,62.3497,38.98,92,100,4.81,RU,2023-04-02 15:27:20
216,linqing,36.8456,115.7117,62.35,40,100,8.99,CN,2023-04-02 15:27:21
217,yara,20.2753,-76.9533,86.38,47,0,4.52,CU,2023-04-02 15:27:21
218,ancud,-41.8697,-73.8203,55.65,61,50,6.11,CL,2023-04-02 15:27:21
219,kem,64.9555,34.5793,26.35,84,8,10.58,RU,2023-04-02 15:27:21
220,road town,18.4167,-64.6167,84.24,58,40,12.66,VG,2023-04-02 15:26:18
221,mont-de-marsan,44.0,-0.6667,57.61,71,100,18.41,FR,2023-04-02 15:27:22
222,cayenne,4.9333,-52.3333,82.44,69,75,13.8,GF,2023-04-02 15:27:22
223,guerrero negro,27.9769,-114.0611,57.88,77,0,13.31,MX,2023-04-02 15:27:22
224,mapiri,-15.25,-68.1667,81.84,63,28,1.32,BO,2023-04-02 15:27:23
225,bucerias,20.75,-105.3333,69.78,78,40,0.0,MX,2023-04-02 15:24:53
226,kutum,14.2,24.6667,87.08,9,61,6.78,SD,2023-04-02 15:27:23
227,lagoa,39.05,-27.9833,56.79,58,12,27.92,PT,2023-04-02 15:27:23
228,amfiklia,38.6333,22.5833,52.66,75,100,1.88,GR,2023-04-02 15:27:23
229,sitka,57.0531,-135.33,30.09,86,0,4.61,US,2023-04-02 15:27:23
230,poum,-20.2333,164.0167,79.05,76,9,10.02,NC,2023-04-02 15:27:23
231,natal,-5.795,-35.2094,88.45,58,40,11.5,BR,2023-04-02 15:25:46
232,yeppoon,-23.1333,150.7333,65.98,81,99,11.7,AU,2023-04-02 15:27:23
233,salinopolis,-0.6136,-47.3561,79.34,86,62,8.66,BR,2023-04-02 15:27:24
234,tsaratanana,-16.7833,47.65,77.23,83,100,1.21,MG,2023-04-02 15:27:24
235,rafai,4.95,23.9167,95.05,25,77,2.93,CF,2023-04-02 15:27:24
236,lompoc,34.6391,-120.4579,54.79,85,20,23.0,US,2023-04-02 15:26:29
237,lahij,13.1667,44.5833,84.6,62,88,8.55,YE,2023-04-02 15:27:24
238,alto araguaia,-17.3147,-53.2153,82.13,57,0,6.31,BR,2023-04-02 15:27:25
239,christchurch,-43.5333,172.6333,50.32,89,75,6.91,NZ,2023-04-02 15:23:11
240,synya,65.3718,58.0387,19.96,95,75,2.77,RU,2023-04-02 15:27:25
241,lorengau,-2.0226,147.2712,79.81,81,94,1.77,PG,2023-04-02 15:27:25
242,pevek,69.7008,170.3133,-25.04,100,100,2.13,RU,2023-04-02 15:27:25
243,el dorado,38.7666,-120.5177,44.56,95,100,1.99,US,2023-04-02 15:27:25
244,kedrovyy,56.1667,91.8167,16.21,88,100,4.68,RU,2023-04-02 15:27:26
245,boa vista,2.8197,-60.6733,85.98,51,75,17.27,BR,2023-04-02 15:27:26
246,bukachacha,52.9833,116.9167,16.95,92,100,5.06,RU,2023-04-02 15:27:26
247,aras,42.5617,-2.356,50.43,47,100,12.66,ES,2023-04-02 15:27:26
248,clyde,41.3042,-82.9752,40.91,64,29,3.91,US,2023-04-02 15:27:26
249,yenagoa,4.9247,6.2642,95.99,39,63,3.67,NG,2023-04-02 15:27:26
250,cabedelo,-6.9811,-34.8339,86.67,71,100,8.84,BR,2023-04-02 15:27:26
251,saint-philippe,-21.3585,55.7679,80.19,81,100,4.32,RE,2023-04-02 15:27:26
252,asau,46.4333,26.4,56.32,74,100,3.44,RO,2023-04-02 15:27:27
253,portland,45.5234,-122.6762,41.81,93,75,5.01,US,2023-04-02 15:25:07
254,dargaville,-35.9333,173.8833,61.38,88,54,6.91,NZ,2023-04-02 15:27:27
255,olafsvik,64.8945,-23.7142,40.87,67,100,11.74,IS,2023-04-02 15:27:27
256,flinders,-34.5833,150.8552,63.18,87,60,1.99,AU,2023-04-02 15:27:27
257,opuwo,-18.0607,13.84,87.22,21,52,7.96,NA,2023-04-02 15:27:28
258,tura,25.5198,90.2201,65.93,77,19,3.58,IN,2023-04-02 15:23:33
259,xining,36.6167,101.7667,34.34,64,100,7.85,CN,2023-04-02 15:26:37
260,nuuk,64.1835,-51.7216,29.01,43,20,14.97,GL,2023-04-02 15:27:28
261,codrington,-38.2667,141.9667,49.62,92,51,6.4,AU,2023-04-02 15:27:28
262,vao,-22.6667,167.4833,77.29,83,8,5.01,NC,2023-04-02 15:27:28
263,faanui,-16.4833,-151.75,81.88,73,99,5.39,PF,2023-04-02 15:27:29
264,qasigiannguit,68.8193,-51.1922,10.65,91,81,2.8,GL,2023-04-02 15:27:29
265,yar-sale,66.8333,70.8333,23.88,86,100,9.44,RU,2023-04-02 15:27:29
266,clearwater,27.9659,-82.8001,83.17,78,40,6.91,US,2023-04-02 15:26:41
267,biskamzha,53.4497,89.5272,11.61,86,93,2.26,RU,2023-04-02 15:27:30
268,marinette,45.1,-87.6307,36.05,69,0,12.59,US,2023-04-02 15:27:30
269,huaicheng,23.9051,112.1931,70.29,97,100,3.47,CN,2023-04-02 15:27:30
270,komsomolskiy,40.4272,71.7189,66.92,45,75,18.41,UZ,2023-04-02 15:27:30
271,trairi,-3.2778,-39.2689,76.44,90,100,1.52,BR,2023-04-02 15:26:50
272,kahului,20.8947,-156.47,73.85,88,75,3.0,US,2023-04-02 15:27:31
273,bambous virieux,-20.3428,57.7575,81.21,89,75,8.05,MU,2023-04-02 15:27:31
274,ler,8.3018,30.1418,97.56,8,28,7.23,SS,2023-04-02 15:25:16
275,lima,-12.0432,-77.0282,79.05,69,0,12.66,PE,2023-04-02 15:26:05
276,rio gallegos,-51.6226,-69.2181,55.45,44,0,18.41,AR,2023-04-02 15:27:31
277,lavrentiya,65.5833,-171.0,-7.44,95,13,8.28,RU,2023-04-02 15:27:31
278,tarakan,3.3,117.6333,76.5,94,40,2.3,ID,2023-04-02 15:25:06
279,linxia,35.6003,103.2064,37.36,98,100,3.0,CN,2023-04-02 15:27:32
280,husavik,66.0449,-17.3389,37.06,88,76,8.25,IS,2023-04-02 15:27:32
281,hagi,34.4,131.4167,48.42,70,0,11.41,JP,2023-04-02 15:27:32
282,lac du bonnet,50.2536,-96.0612,29.44,77,100,6.24,CA,2023-04-02 15:27:32
283,martapura,-3.4167,114.85,75.29,100,98,2.3,ID,2023-04-02 15:27:33
284,padang,-0.9492,100.3543,78.85,86,31,3.24,ID,2023-04-02 15:27:33
285,akyab,20.15,92.9,79.81,74,88,9.55,MM,2023-04-02 15:27:33
286,mirabad,30.4362,61.8383,80.28,17,0,7.67,AF,2023-04-02 15:27:34
287,ribeira grande,38.5167,-28.7,61.77,59,20,24.16,PT,2023-04-02 15:27:34
288,veraval,20.9,70.3667,76.77,72,1,10.02,IN,2023-04-02 15:27:35
289,rodrigues alves,-7.738,-72.6509,80.8,79,100,1.5,BR,2023-04-02 15:27:35
290,kuytun,54.3419,101.5036,6.31,91,43,3.13,RU,2023-04-02 15:27:35
291,havelock,34.8791,-76.9013,62.98,48,0,9.22,US,2023-04-02 15:27:35
292,tanout,14.9709,8.8879,94.28,4,68,10.69,NE,2023-04-02 15:27:36
293,katsuura,35.1333,140.3,54.32,65,100,20.62,JP,2023-04-02 15:27:36
294,mezen,65.8522,44.24,24.04,90,32,4.97,RU,2023-04-02 15:27:36
295,fostoria,41.157,-83.4169,40.95,68,8,10.0,US,2023-04-02 15:27:36
296,ormara,25.2088,64.6357,76.73,82,55,16.98,PK,2023-04-02 15:27:36
297,belmonte,-15.8631,-38.8828,86.38,56,15,6.89,BR,2023-04-02 15:27:37
298,la ronge,55.1001,-105.2842,12.45,73,100,13.8,CA,2023-04-02 15:27:37
299,cervo,43.6702,-7.4101,54.54,64,100,8.19,ES,2023-04-02 15:27:37
300,dunedin,-45.8742,170.5036,50.81,72,5,4.0,NZ,2023-04-02 15:27:37
301,namatanai,-3.6667,152.4333,79.92,82,71,7.54,PG,2023-04-02 15:27:38
302,vila franca do campo,37.7167,-25.4333,63.01,68,2,16.06,PT,2023-04-02 15:27:38
303,homer,59.6425,-151.5483,31.87,72,40,18.41,US,2023-04-02 15:27:38
304,sobolevo,54.4299,31.8996,38.12,94,100,9.28,RU,2023-04-02 15:27:38
305,hofn,64.2539,-15.2082,42.82,75,20,12.66,IS,2023-04-02 15:27:39
306,nabire,-3.3667,135.4833,74.93,96,100,5.26,ID,2023-04-02 15:27:39
307,labuhan,-6.8844,112.2051,77.67,86,100,6.11,ID,2023-04-02 15:27:39
308,ekuvukeni,-28.4675,30.1551,79.5,33,19,1.25,ZA,2023-04-02 15:27:39
309,jumla,29.2747,82.1838,44.55,92,90,0.96,NP,2023-04-02 15:27:40
310,buraydah,26.326,43.975,72.05,14,0,10.47,SA,2023-04-02 15:24:01
311,okulovka,58.4008,33.2908,31.71,95,100,10.6,RU,2023-04-02 15:27:40
312,belaya gora,68.5333,146.4167,-19.1,100,76,6.82,RU,2023-04-02 15:27:40
313,tonota,-21.4833,27.4833,84.76,27,16,11.45,BW,2023-04-02 15:27:40
314,krasnoarmeysk,51.0239,45.6969,48.87,66,100,9.08,RU,2023-04-02 15:27:40
315,dusti,37.3481,68.664,67.28,49,58,7.58,TJ,2023-04-02 15:27:40
316,domna,51.8971,113.1573,19.04,67,99,6.71,RU,2023-04-02 15:27:40
317,kirakira,-10.4544,161.9205,80.28,84,100,6.6,SB,2023-04-02 15:25:10
318,saldanha,-33.0117,17.9442,68.05,82,70,11.95,ZA,2023-04-02 15:27:40
319,majene,-3.5403,118.9707,78.12,86,100,4.59,ID,2023-04-02 15:27:40
320,hualmay,-11.0964,-77.6139,77.59,80,69,7.56,PE,2023-04-02 15:27:41
321,biltine,14.5333,20.9167,99.63,8,25,5.21,TD,2023-04-02 15:27:41
322,moerai,-22.4333,-151.3333,76.33,72,100,12.66,PF,2023-04-02 15:27:41
323,gamba,-2.65,10.0,83.25,72,33,11.52,GA,2023-04-02 15:27:41
324,vardo,70.3705,31.1107,26.58,86,100,14.97,NO,2023-04-02 15:27:41
325,manicore,-5.8092,-61.3003,78.75,83,20,6.91,BR,2023-04-02 15:27:41
326,necochea,-38.5473,-58.7368,71.46,43,100,9.4,AR,2023-04-02 15:26:39
327,srivardhan,18.0333,73.0167,77.99,68,23,7.0,IN,2023-04-02 15:27:41
328,nago,26.5881,127.9761,66.63,71,23,14.14,JP,2023-04-02 15:27:42
329,klyuchi,52.2667,79.1667,26.47,61,17,6.71,RU,2023-04-02 15:27:42
330,dandong,40.1292,124.3947,53.8,37,97,2.06,CN,2023-04-02 15:27:42
331,ladispoli,41.9537,12.0735,66.9,69,100,4.61,IT,2023-04-02 15:27:43
332,lundamo,63.1333,10.3,41.67,65,26,4.07,NO,2023-04-02 15:27:43
333,belyy yar,53.6039,91.3903,19.29,49,0,6.71,RU,2023-04-02 15:27:43
334,saint-augustin,51.226,-58.6502,31.17,97,100,20.13,CA,2023-04-02 15:27:43
335,zhukovo,55.0318,36.744,51.58,67,100,7.2,RU,2023-04-02 15:27:43
336,abashiri,44.0213,144.2697,26.94,78,5,1.54,JP,2023-04-02 15:27:43
337,trinidad,-14.8333,-64.9,85.98,70,40,4.61,BO,2023-04-02 15:27:43
338,lukulu,-14.3707,23.242,74.82,67,100,7.29,ZM,2023-04-02 15:27:43
339,tefe,-3.3542,-64.7114,82.51,78,75,5.75,BR,2023-04-02 15:26:37
340,eyl,7.9803,49.8164,83.73,69,11,12.82,SO,2023-04-02 15:27:44
341,oistins,13.0667,-59.5333,86.09,62,40,20.71,BB,2023-04-02 15:27:44
342,iqaluit,63.7506,-68.5145,-7.87,77,75,3.44,CA,2023-04-02 15:27:44
343,kismayo,-0.3582,42.5454,83.7,77,48,16.4,SO,2023-04-02 15:27:45
344,antofagasta,-23.65,-70.4,76.28,72,48,5.37,CL,2023-04-02 15:27:45
345,mildura,-34.2,142.15,55.62,49,0,0.96,AU,2023-04-02 15:27:45
346,emmett,43.8735,-116.4993,42.35,77,100,4.12,US,2023-04-02 15:27:45
347,makakilo city,21.3469,-158.0858,70.99,87,0,6.91,US,2023-04-02 15:27:45
348,minas novas,-17.2186,-42.5903,93.87,23,63,4.76,BR,2023-04-02 15:27:46
349,svetlaya,46.5389,138.3297,36.0,81,89,5.99,RU,2023-04-02 15:27:46
350,pombia,45.653,8.6336,68.29,38,0,6.91,IT,2023-04-02 15:27:46
351,vestmannaeyjar,63.4427,-20.2734,43.79,70,75,10.36,IS,2023-04-02 15:27:47
352,concordia,-31.393,-58.0209,75.27,58,0,7.0,AR,2023-04-02 15:27:47
353,inhambane,-23.865,35.3833,80.58,65,20,8.57,MZ,2023-04-02 15:27:47
354,port lincoln,-34.7333,135.8667,60.89,64,100,11.92,AU,2023-04-02 15:27:47
355,singaraja,-8.112,115.0882,79.32,82,100,3.29,ID,2023-04-02 15:27:47
356,fortuna,40.5982,-124.1573,44.94,94,97,7.0,US,2023-04-02 15:27:47
357,sultanpur,26.2667,82.0667,78.84,35,0,4.68,IN,2023-04-02 15:27:47
358,carutapera,-1.195,-46.02,78.98,88,99,2.93,BR,2023-04-02 15:27:47
359,male,4.1748,73.5089,85.95,74,20,4.61,MV,2023-04-02 15:27:47
360,san vicente,-26.6167,-54.1333,82.94,15,0,0.38,AR,2023-04-02 15:27:47
361,kavieng,-2.5744,150.7967,81.59,80,95,13.11,PG,2023-04-02 15:23:09
362,kpandae,8.4689,-0.0113,99.28,27,54,4.88,GH,2023-04-02 15:27:48
363,rio grande,-32.035,-52.0986,80.71,53,66,3.6,BR,2023-04-02 15:27:48
364,graham,47.0529,-122.2943,37.11,93,100,8.05,US,2023-04-02 15:23:25
365,ogulin,45.2661,15.2286,60.6,59,68,5.64,HR,2023-04-02 15:27:48
366,le mars,42.7942,-96.1656,53.56,50,0,14.97,US,2023-04-02 15:27:49
367,nouadhibou,20.931,-17.0347,85.98,39,0,12.66,MR,2023-04-02 15:27:49
368,ambanja,-13.6833,48.45,84.13,88,97,1.88,MG,2023-04-02 15:27:49
369,waipawa,-41.4122,175.5153,55.33,88,73,13.65,NZ,2023-04-02 15:27:49
370,coihaique,-45.5752,-72.0662,54.21,62,75,4.61,CL,2023-04-02 15:24:41
371,alofi,-19.0595,-169.9187,76.89,88,39,11.5,NU,2023-04-02 15:27:49
372,pathein,16.7833,94.7333,77.16,78,1,8.7,MM,2023-04-02 15:27:50
373,galesong,-5.3166,119.3661,75.22,85,100,5.77,ID,2023-04-02 15:27:50
374,setermoen,68.861,18.3486,33.76,47,48,5.99,NO,2023-04-02 15:27:50
375,coquimbo,-29.9533,-71.3436,64.13,82,75,8.05,CL,2023-04-02 15:25:12
376,moree,-29.4667,149.85,67.17,54,57,9.51,AU,2023-04-02 15:27:50
377,ust-nera,64.5667,143.2,0.21,88,94,7.45,RU,2023-04-02 15:27:50
378,aykhal,66.0,111.5,17.83,88,100,30.0,RU,2023-04-02 15:27:50
379,cidreira,-30.1811,-50.2056,73.31,51,60,5.1,BR,2023-04-02 15:27:50
380,bahia blanca,-38.7196,-62.2724,77.83,33,100,5.01,AR,2023-04-02 15:27:50
381,fengzhen,40.4394,113.1536,36.23,95,100,16.96,CN,2023-04-02 15:27:50
382,mahibadhoo,3.7833,72.9667,83.25,72,18,8.32,MV,2023-04-02 15:27:50
383,marsa matruh,31.3525,27.2453,76.19,29,20,6.76,EG,2023-04-02 15:27:51
384,kautokeino,69.0125,23.0412,17.62,87,28,3.71,NO,2023-04-02 15:27:51
385,urengoy,65.9667,78.3667,33.3,94,100,13.8,RU,2023-04-02 15:27:51
386,capao bonito,-24.0058,-48.3494,71.82,64,66,6.93,BR,2023-04-02 15:24:56
387,kupang,-10.1667,123.5833,77.68,88,100,4.63,ID,2023-04-02 15:27:51
388,leshukonskoye,64.8989,45.7622,29.14,90,99,3.47,RU,2023-04-02 15:27:51
389,arari,-3.4536,-44.78,79.21,81,100,2.8,BR,2023-04-02 15:27:52
390,khuzdar,27.7384,66.6434,74.91,21,24,13.73,PK,2023-04-02 15:27:52
391,karaton,-6.3424,106.1045,73.92,92,99,5.03,ID,2023-04-02 15:27:52
392,usogorsk,63.4106,48.6872,29.23,92,96,2.77,RU,2023-04-02 15:27:52
393,quetta,30.199,67.0097,62.31,45,42,7.99,PK,2023-04-02 15:27:52
394,atyrau,47.1167,51.8833,51.82,71,40,6.71,KZ,2023-04-02 15:27:52
395,pitimbu,-7.4706,-34.8086,86.59,68,86,9.75,BR,2023-04-02 15:27:52
396,whittlesea,-32.1759,26.8244,81.63,24,28,7.83,ZA,2023-04-02 15:27:53
397,san ramon,37.7799,-121.978,50.4,81,100,12.66,US,2023-04-02 15:27:41
398,praia,14.9215,-23.5087,97.34,11,0,14.97,CV,2023-04-02 15:27:53
399,amapa,1.0,-52.0,79.02,85,100,4.81,BR,2023-04-02 15:27:53
400,ulu-telyak,54.9086,56.9669,40.98,94,30,1.74,RU,2023-04-02 15:27:53
401,vostok,46.4856,135.8833,33.19,85,72,4.74,RU,2023-04-02 15:27:53
402,marsh harbour,26.5412,-77.0636,77.49,75,19,13.85,BS,2023-04-02 15:27:53
403,nainpur,22.4333,80.1167,81.82,22,20,3.47,IN,2023-04-02 15:27:53
404,camana,-16.6228,-72.7111,77.56,77,82,5.61,PE,2023-04-02 15:27:54
405,cayhagan,9.6697,122.4256,79.72,78,28,2.53,PH,2023-04-02 15:27:54
406,teahupoo,-17.8333,-149.2667,73.36,69,98,10.0,PF,2023-04-02 15:27:54
407,xichang,27.8964,102.2634,59.83,51,32,6.13,CN,2023-04-02 15:27:54
408,tecolutla,20.4833,-97.0167,80.46,75,59,4.0,MX,2023-04-02 15:27:54
409,neftcala,39.3742,49.2472,47.89,77,100,8.25,AZ,2023-04-02 15:27:54
410,bloemfontein,-29.1211,26.214,76.48,38,40,6.91,ZA,2023-04-02 15:26:48
411,beian,63.6559,9.5683,42.89,39,0,6.91,NO,2023-04-02 15:27:54
412,verkhoyansk,67.5447,133.385,-4.72,89,95,4.81,RU,2023-04-02 15:27:54
413,simao,22.7886,100.9748,63.45,51,26,1.68,CN,2023-04-02 15:27:54
414,tual,-5.6667,132.75,80.8,80,97,6.58,ID,2023-04-02 15:27:55
415,mkuranga,-7.118,39.2078,78.91,83,100,6.93,TZ,2023-04-02 15:27:55
416,neya,58.2972,43.8681,45.55,77,100,6.87,RU,2023-04-02 15:27:55
417,tenkasi,8.956,77.3058,79.79,79,55,5.46,IN,2023-04-02 15:27:55
418,nargana,9.4428,-78.5906,80.4,81,92,16.02,PA,2023-04-02 15:27:55
419,narsaq,60.9167,-46.05,41.22,57,100,6.85,GL,2023-04-02 15:27:55
420,riyadh,24.6877,46.7219,71.74,14,17,11.61,SA,2023-04-02 15:24:15
421,oudtshoorn,-33.5907,22.2014,70.16,34,62,4.65,ZA,2023-04-02 15:27:55
422,juneau,58.3019,-134.4197,36.21,97,100,0.0,US,2023-04-02 15:25:02
423,vadlapudi,14.3167,79.8,83.23,69,83,15.39,IN,2023-04-02 15:27:55
424,tila,17.4,-92.4833,79.92,55,3,2.46,MX,2023-04-02 15:27:55
425,ambovombe,-25.1667,46.0833,73.33,85,64,13.78,MG,2023-04-02 15:27:56
426,constitucion,-35.3333,-72.4167,66.99,66,99,12.37,CL,2023-04-02 15:27:56
427,bor,56.3567,44.0669,45.93,69,96,5.86,RU,2023-04-02 15:27:56
428,langenburg,49.2544,9.8458,47.71,87,100,12.66,DE,2023-04-02 15:27:56
429,shizunai,42.3339,142.3669,37.45,90,31,1.72,JP,2023-04-02 15:23:30
430,sale,34.0389,-6.8166,74.64,68,40,14.97,MA,2023-04-02 15:25:58
431,rocha,-34.4833,-54.3333,72.39,46,44,4.29,UY,2023-04-02 15:27:56
432,hermiston,45.8404,-119.2895,43.65,74,20,0.0,US,2023-04-02 15:27:56
433,huilong,31.8111,121.655,52.93,76,82,14.27,CN,2023-04-02 15:27:57
434,cockburn town,21.4612,-71.1419,77.09,67,0,15.46,TC,2023-04-02 15:27:57
435,porbandar,21.6422,69.6093,77.2,72,2,11.61,IN,2023-04-02 15:27:57
436,zyryanka,65.75,150.85,-22.2,100,60,6.02,RU,2023-04-02 15:27:57
437,mandan,46.8267,-100.8896,41.58,75,0,21.85,US,2023-04-02 15:27:57
438,mahina,-17.5065,-149.489,78.57,78,20,6.91,PF,2023-04-02 15:27:57
439,invermere,50.5167,-116.0354,31.35,92,100,1.99,CA,2023-04-02 15:27:57
440,zhezkazgan,47.8043,67.7144,49.98,13,0,20.13,KZ,2023-04-02 15:27:57
441,chubbuck,42.9208,-112.4661,35.15,70,100,20.71,US,2023-04-02 15:27:58
442,verkh-usugli,52.7,115.1667,16.36,90,100,6.78,RU,2023-04-02 15:27:58
443,kifri,34.6959,44.9661,59.97,42,5,5.37,IQ,2023-04-02 15:27:58
444,ariquemes,-9.9133,-63.0408,75.67,89,100,3.71,BR,2023-04-02 15:27:58
445,north bend,43.4065,-124.2243,43.92,87,100,9.22,US,2023-04-02 15:27:58
446,mianyang,31.4593,104.7542,58.3,72,100,12.41,CN,2023-04-02 15:27:58
447,qandala,11.472,49.8728,83.82,73,7,3.51,SO,2023-04-02 15:27:58
448,sungairaya,0.7,108.9,79.14,80,100,1.36,ID,2023-04-02 15:27:58
449,loikaw,19.6742,97.2094,72.63,50,6,4.27,MM,2023-04-02 15:26:40
450,kyra,49.5776,111.9753,11.66,81,47,8.77,RU,2023-04-02 15:27:59
451,fairbanks,64.8378,-147.7164,24.76,86,100,0.0,US,2023-04-02 15:27:59
452,presidente epitacio,-21.7633,-52.1156,83.66,64,3,6.35,BR,2023-04-02 15:27:59
453,ulaangom,49.9811,92.0667,13.84,43,98,4.43,MN,2023-04-02 15:27:59
454,moose factory,51.2585,-80.6094,12.2,66,100,10.36,CA,2023-04-02 15:27:59
455,usinsk,65.9939,57.5281,23.45,94,100,7.29,RU,2023-04-02 15:28:00
456,vagur,61.4732,-6.8119,44.78,76,73,9.19,FO,2023-04-02 15:28:00
457,matay,28.419,30.7792,81.97,13,0,9.46,EG,2023-04-02 15:28:00
458,cimitarra,6.3142,-73.9497,84.65,70,96,2.89,CO,2023-04-02 15:28:00
459,laguna,38.421,-121.4238,53.06,82,75,9.22,US,2023-04-02 15:28:00
460,ketchikan,55.3422,-131.6461,35.58,93,40,5.75,US,2023-04-02 15:25:31
461,richards bay,-28.783,32.0377,77.18,75,0,15.05,ZA,2023-04-02 15:28:00
462,nagornyy,52.7959,83.5498,23.77,66,95,5.57,RU,2023-04-02 15:28:00
463,chalmette,29.9427,-89.9634,75.99,51,0,11.5,US,2023-04-02 15:26:12
464,kindu,-2.95,25.95,86.63,54,42,1.81,CD,2023-04-02 15:28:01
465,goderich,43.7501,-81.7165,34.92,43,3,10.36,CA,2023-04-02 15:25:51
466,albion,42.2431,-84.753,39.85,71,40,8.05,US,2023-04-02 15:28:01
467,nichlaul,27.3167,83.7333,74.97,41,6,5.77,IN,2023-04-02 15:28:01
468,hirado,33.3597,129.5531,57.38,71,0,30.69,JP,2023-04-02 15:23:16
469,jennings,38.7192,-90.2604,57.29,61,0,12.66,US,2023-04-02 15:27:14
470,chara,56.9064,118.2631,9.03,78,100,3.89,RU,2023-04-02 15:28:02
471,banda aceh,5.5577,95.3222,79.75,77,81,8.23,ID,2023-04-02 15:28:02
472,independence,39.0911,-94.4155,60.62,34,0,14.97,US,2023-04-02 15:23:58
473,mujiayingzi,42.1167,118.7833,54.91,41,100,8.77,CN,2023-04-02 15:28:02
474,whyalla,-33.0333,137.5833,63.05,51,49,5.57,AU,2023-04-02 15:28:02
475,zhangjiakou,40.81,114.8794,46.36,83,100,7.81,CN,2023-04-02 15:28:03
476,pridonskoy,51.6841,39.0727,52.36,46,0,8.95,RU,2023-04-02 15:28:03
477,takaungu,-3.6837,39.8566,86.49,70,58,12.03,KE,2023-04-02 15:28:03
478,whitianga,-36.8333,175.7,60.26,91,30,8.5,NZ,2023-04-02 15:28:03
479,bereda,43.2686,-7.5406,63.14,47,100,5.5,ES,2023-04-02 15:28:03
480,leningradskiy,69.3833,178.4167,-13.11,93,99,11.18,RU,2023-04-02 15:28:03
481,taltal,-25.4,-70.4833,73.33,73,38,4.25,CL,2023-04-02 15:28:03
482,south lake tahoe,38.9332,-119.9844,39.09,66,100,8.05,US,2023-04-02 15:23:12
483,peniche,39.3558,-9.3811,71.29,56,27,14.0,PT,2023-04-02 15:28:04
484,bolobo,-2.1667,16.2333,82.27,65,83,2.64,CD,2023-04-02 15:28:04
485,lapy,52.9911,22.8842,39.25,91,100,16.35,PL,2023-04-02 15:28:04
486,dukat,62.55,155.55,-4.7,100,100,3.74,RU,2023-04-02 15:28:04
487,maniitsoq,65.4167,-52.9,21.15,57,84,3.76,GL,2023-04-02 15:28:04
488,puerto maldonado,-12.6,-69.1833,82.8,78,20,3.44,PE,2023-04-02 15:28:05
489,chicama,-7.8447,-79.1469,81.14,67,59,4.47,PE,2023-04-02 15:28:05
490,parauna,-16.9478,-50.4486,80.38,64,100,4.03,BR,2023-04-02 15:28:05
491,vanino,49.0869,140.2543,30.56,97,32,1.3,RU,2023-04-02 15:28:05
492,haines junction,60.7522,-137.5108,-0.45,85,54,2.3,CA,2023-04-02 15:28:05
493,suez,29.9737,32.5263,78.06,19,0,11.3,EG,2023-04-02 15:28:05
494,soloneshnoye,51.6544,84.3197,15.66,91,69,2.89,RU,2023-04-02 15:28:06
495,ust-maya,60.4167,134.5333,-9.49,100,84,1.99,RU,2023-04-02 15:28:06
496,den helder,52.9599,4.7593,50.02,68,5,27.0,NL,2023-04-02 15:25:27
497,bandarbeyla,9.4942,50.8122,82.69,72,8,13.33,SO,2023-04-02 15:28:06
498,egvekinot,66.3167,-179.1667,-11.65,82,36,4.21,RU,2023-04-02 15:28:06
499,ola,59.5833,151.2833,26.82,97,100,2.73,RU,2023-04-02 15:28:06
500,saint-georges,12.0564,-61.7485,85.68,66,75,21.85,GD,2023-04-02 15:28:06
501,grindavik,63.8424,-22.4338,45.07,57,75,12.66,IS,2023-04-02 15:28:07
502,praia da vitoria,38.7333,-27.0667,66.45,63,40,19.26,PT,2023-04-02 15:28:07
503,soyo,-6.1349,12.3689,83.97,70,33,12.28,AO,2023-04-02 15:28:07
504,boyolangu,-8.1181,111.8935,76.23,90,100,1.68,ID,2023-04-02 15:28:07
505,verkhnevilyuysk,63.4453,120.3167,15.51,85,81,11.48,RU,2023-04-02 15:28:07
506,nhulunbuy,-12.2333,136.7667,79.41,89,77,3.44,AU,2023-04-02 15:28:07
507,meulaboh,4.1363,96.1285,76.84,86,100,4.63,ID,2023-04-02 15:28:08
508,pasighat,28.0667,95.3333,63.73,92,97,3.22,IN,2023-04-02 15:28:08
509,abu dhabi,24.4667,54.3667,75.94,51,0,12.66,AE,2023-04-02 15:25:36
510,dodge city,37.7528,-100.0171,61.7,22,0,5.99,US,2023-04-02 15:26:11
511,flin flon,54.7682,-101.865,8.44,52,100,12.66,CA,2023-04-02 15:28:09
512,half moon bay,37.4636,-122.4286,52.21,82,75,12.66,US,2023-04-02 15:26:59
513,vrangel,42.7297,133.0839,39.31,66,20,4.81,RU,2023-04-02 15:28:09
514,maoming,21.65,110.9,73.92,92,17,14.27,CN,2023-04-02 15:28:09
515,berberati,4.2612,15.7922,82.78,49,73,1.99,CF,2023-04-02 15:28:10
516,pierre,44.3683,-100.351,43.86,66,100,11.5,US,2023-04-02 15:21:48
517,svetlyy,54.675,20.1347,42.85,49,14,20.89,RU,2023-04-02 15:28:10
518,saryozek,44.3583,77.9753,34.38,32,0,6.67,KZ,2023-04-02 15:28:10
519,kapuskasing,49.4169,-82.4331,32.09,55,100,13.8,CA,2023-04-02 15:24:38
520,emerald,-23.5333,148.1667,62.35,91,5,6.91,AU,2023-04-02 15:28:11
521,berlevag,70.8578,29.0864,28.35,80,100,8.05,NO,2023-04-02 15:28:11
522,hofu,34.05,131.5667,49.64,64,0,7.87,JP,2023-04-02 15:28:11
523,nantucket,41.2835,-70.0995,46.51,59,0,26.46,US,2023-04-02 15:28:12
524,luzhou,28.8724,105.4405,71.42,81,57,3.74,CN,2023-04-02 15:28:12
525,mendoza,-32.8908,-68.8272,71.13,40,0,2.3,AR,2023-04-02 15:28:03
526,luyang,27.6239,110.0989,70.72,88,39,7.18,CN,2023-04-02 15:28:12
527,guanhaes,-18.775,-42.9325,78.82,64,96,4.05,BR,2023-04-02 15:28:12
528,kushima,31.4583,131.2333,59.4,80,97,8.37,JP,2023-04-02 15:27:46
529,pavlovskiy,57.8424,54.8436,39.56,95,100,3.36,RU,2023-04-02 15:28:12
530,puerto madero,14.7208,-92.4215,86.2,70,0,0.0,MX,2023-04-02 15:28:13
531,mareeba,-17.0,145.4333,74.48,96,98,1.21,AU,2023-04-02 15:28:13
532,zonguldak,41.25,31.8333,54.14,78,100,3.53,TR,2023-04-02 15:28:13
533,salalah,17.0151,54.0924,84.29,74,75,10.36,OM,2023-04-02 15:28:13
534,chumikan,54.7183,135.315,25.11,86,100,0.96,RU,2023-04-02 15:28:13
535,pombas,17.1503,-25.0201,83.98,58,0,11.54,CV,2023-04-02 15:28:13
536,allapalli,19.4167,80.0667,87.67,20,73,3.24,IN,2023-04-02 15:28:13
537,kudligi,14.9,76.3833,86.25,19,19,3.91,IN,2023-04-02 15:28:13
538,glenwood springs,39.5505,-107.3248,46.06,56,49,19.57,US,2023-04-02 15:28:14
539,acarau,-2.8856,-40.12,81.88,75,74,4.72,BR,2023-04-02 15:28:14
540,nyurba,63.2842,118.3319,14.99,86,73,12.26,RU,2023-04-02 15:28:14
541,tomatlan,19.9333,-105.25,78.51,47,55,1.16,MX,2023-04-02 15:28:14
542,hvolsvollur,63.7533,-20.2243,43.47,63,100,11.25,IS,2023-04-02 15:28:14
543,lisala,2.15,21.5167,81.52,61,90,4.79,CD,2023-04-02 15:28:14
544,pauini,-7.7136,-66.9764,82.18,71,100,2.77,BR,2023-04-02 15:28:14
545,kanigoro,-8.13,112.219,73.45,93,100,2.13,ID,2023-04-02 15:28:15
546,bambanglipuro,-7.95,110.2833,77.32,85,99,4.56,ID,2023-04-02 15:28:15
547,marfino,55.7028,37.3822,52.05,61,20,8.95,RU,2023-04-02 15:28:15
548,warrington,53.3925,-2.5802,57.61,50,0,4.61,GB,2023-04-02 15:28:15
549,wanning,18.8003,110.3967,76.15,93,48,9.95,CN,2023-04-02 15:28:15
550,anloga,5.7947,0.8973,84.74,71,92,12.5,GH,2023-04-02 15:28:15
551,high level,58.5169,-117.136,15.91,86,100,11.5,CA,2023-04-02 15:25:08
552,isangel,-19.55,169.2667,78.94,86,5,4.68,VU,2023-04-02 15:28:16
553,les cayes,18.2,-73.75,83.32,59,0,9.66,HT,2023-04-02 15:28:16
554,maksatikha,57.797,35.8825,33.26,99,100,5.53,RU,2023-04-02 15:28:17
555,quatre cocos,-20.2078,57.7625,81.09,79,90,6.6,MU,2023-04-02 15:28:17
556,tufanganj,26.3167,89.6667,73.18,58,42,3.98,IN,2023-04-02 15:28:17
557,ewa beach,21.3156,-158.0072,72.41,87,0,6.91,US,2023-04-02 15:24:22
